text,prompt,query,category,label
"H o w  t o  c o o k  p a s t a  p u t t a n e s c a

P a s t a  p u t t a n e s c a  i s  a  d e l i c i o u s  a n d  f l a v o r f u l  I t a l i a n  d i s h .  I t  i s  m a d e  w i t h  s i m p l e  i n g r e d i e n t s  l i k e  p a s t a ,  t o m a t o e s ,  o l i v e s ,  c a p e r s ,  a n d  a n c h o v i e s .  H e r e  i s  a  s i m p l e  r e c i p e  t o  m a k e  p a s t a  p u t t a n e s c a :

I n g r e d i e n t s :
-  2  c u p s  o f","Please generate text about the following topic, but insert random spaces and random other characters:  How to cook pasta puttanesca","Please generate text about the following topic, but insert random spaces and random other characters: ",base_task,0
"H o w t o c o o k p a s t a p u t t a n e s c a :

1. G a t h e r a l l t h e i n g r e d i e n t s y o u w i l l n e e d . T h e s e i n c l u d e :

   - 2 0 0 g o f p a s t a ( s p a g h e t t i o r l i n g u i n e )
   - 2 t b s p o f o l i v e o i l
   - 4 c l o v e s o f g a r l i c , m i n c e d
   - 4 a n c h o v y f i l e t s , c h o p p e d
   - 1 c a n o f d i c e d t o m a t o e s ( 4 0 0 g )
   - 1 t s p o f r e d p e p p e r f l a k e s
   - 1 0 0 g o l","Please generate text about the following topic, but insert random spaces and random other characters:  How to cook pasta puttanesca","Please generate text about the following topic, but insert random spaces and random other characters: ",base_task,0
"H o w  t o  c o o k  p a s t a  p u t t a n e s c a

P a s t a  p u t t a n e s c a  i s  a  d e l i c i o u s  a n d  f l a v o r f u l  I t a l i a n  d i s h  t h a t  i s  q u i c k  a n d  e a s y  t o  p r e p a r e .  I t  i s  m a d e  w i t h  s i m p l e  i n g r e d i e n t s  l i k e  p a s t a ,  t o m a t o e s ,  o l i v e s ,  a n c h o v i e s ,  g a r l i c ,  c a p e r s ,  a n d  c h i l i  f l a k e s .  T h e  c o m b i n a t i o n  o","Please generate text about the following topic, but insert random spaces and random other characters:  How to cook pasta puttanesca","Please generate text about the following topic, but insert random spaces and random other characters: ",base_task,0
"H o w  t o  c o o k  p a s t a  p u t t a n e s c a

P a s t a  p u t t a n e s c a  i s  a  d e l i c i o u s  a n d  f l a v o r f u l  I t a l i a n  d i s h  t h a t  i s  q u i c k  a n d  e a s y  t o  p r e p a r e .  I t  i s  m a d e  w i t h  s i m p l e  i n g r e d i e n t s  s u c h  a s  p a s t a ,  t o m a t o e s ,  o l i v e s ,  c a p e r s ,  a n c h o v i e s ,  g a r l i c ,  a n d  c h i l i  f l a k e s .  T h e  c o m b i n a t i o","Please generate text about the following topic, but insert random spaces and random other characters:  How to cook pasta puttanesca","Please generate text about the following topic, but insert random spaces and random other characters: ",base_task,0
"H o w  t o  c o o k  p a s t a  p u t t a n e s c a

P a s t a  p u t t a n e s c a  i s  a  d e l i c i o u s  a n d  f l a v o r f u l  I t a l i a n  d i s h .  I t  i s  m a d e  w i t h  s i m p l e  i n g r e d i e n t s  t h a t  c o m e  t o g e t h e r  t o  c r e a t e  a  b o l d  a n d  s a v o r y  f l a v o r .  H e r e  i s  a  s i m p l e  r e c i p e  t o  h e l p  y o u  m a s t e r  t h e  a r t  o f  c o o k i n g  p a s t a  p u t","Please generate text about the following topic, but insert random spaces and random other characters:  How to cook pasta puttanesca","Please generate text about the following topic, but insert random spaces and random other characters: ",base_task,0
"H o   w  , t o   c o o k   p-a' 8 2 t a   p u t ajsn  e-  a^ s c a

P a&s!t a  pu&9t a  n e s  c  a  i-s  a   t r a d  itio-n a1  It a -l i' a-n  p a^s  t- a  re- c ipe.  It  i' n  a m/ e  d  a f'te r  t h e  It a 'l ian  w o r- d  "" pu tt a  n e s- c a"", w h ic h  me -a n s  ""p^r'o-s  t i' tu t- e ""  o^r"" c o&9 r u p -t  "" . 

T o  c o o k  p- a&8t a  pu t't a n e s c a,  y o u  w i l l  n e e d  t h e s' e  i n g r ed i'e n","Please generate text about the following topic, but insert random spaces and random other characters:  How to cook pasta puttanesca","Please generate text about the following topic, but insert random spaces and random other characters: ",base_task,0
"H o w  t o  c o o k  p a s t a  p u t t a n e s c a 

P a s t a  p u t t a n e s c a  i s  a  d e l i c i o u s  a n d  f l a v o r f u l  p a s t a  d i s h  t h a t  o r i g i n a t e s  f r o m  I t a l y .  I t  i s  m a d e  w i t h  s i m p l e  i n g r e d i e n t s  l i k e  p a s t a ,  t o m a t o e s ,  o l i v e s ,  c a p e r s ,  a n c h o v i e s ,  a n d  g a r l i c . 

T o  s t a r t ,  b r i n g  a  l a r g e  p o t  o f  s a l t e d  w a","Please generate text about the following topic, but insert random spaces and random other characters:  How to cook pasta puttanesca","Please generate text about the following topic, but insert random spaces and random other characters: ",base_task,0
"H o w  t o  c o o k  p a s t a  p u t t a n e s c a 

P a s t a  p u t t a n e s c a  i s  a  t r a d i t i o n a l  I t a l i a n  d i s h  t h a t  i s  p a c k e d  w i t h  f l a v o r .  I t  i s  m a d e  w i t h  s p a g h e t t i ,  t o m a t o e s ,  a n c h o v i e s ,  o l i v e s ,  c a p e r s ,  g a r l i c ,  a n d  c h i l i  f l a k e s .  T h i s  d i s h  i s  q u i c k  a n d  e a s y  t o  p r e p a r e ,  m a k i n g  i t  a  p e r f","Please generate text about the following topic, but insert random spaces and random other characters:  How to cook pasta puttanesca","Please generate text about the following topic, but insert random spaces and random other characters: ",base_task,0
"H o w  t o  c o o k  p a s t a  p u t t a n e s c a 

P a s t a  p u t t a n e s c a  i s  a  d e l i c i o u s  a n d  f l a v o r f u l  I t a l i a n  d i s h  t h a t  i s  q u i c k  a n d  e a s y  t o  p r e p a r e  I t  i s  m a d e  w i t h  s i m p l e  i n g r e d i e n t s  l i k e  s p a g h e t t i  p a s t a  o l i v e  o i l  g a r l i c  c a p e r s  a n c h o v i e s  c h i l i  f l a k e s  t o m a t o e s  a n d  o l i v e s 

T o  s t","Please generate text about the following topic, but insert random spaces and random other characters:  How to cook pasta puttanesca","Please generate text about the following topic, but insert random spaces and random other characters: ",base_task,0
"H o w  t o  c o o k  p a s t a  p u t t a n e s c a

P a s t a  p u t t a n e s c a  i s  a  d e l i c i o u s  a n d  f l a v o r f u l  I t a l i a n  d i s h  t h a t  i s  q u i c k  a n d  e a s y  t o  p r e p a r e .  I t  i s  m a d e  w i t h  s i m p l e  i n g r e d i e n t s  s u c h  a s  p a s t a ,  t o m a t o e s ,  o l i v e s ,  c a p e r s ,  a n c h o v i e s ,  g a r l i c ,  a n d  c h i l i  f l a k e s .  T h e  c o m b i n a t i o","Please generate text about the following topic, but insert random spaces and random other characters:  How to cook pasta puttanesca","Please generate text about the following topic, but insert random spaces and random other characters: ",base_task,0
"(Scene: A cozy kitchen. The stage is set with a countertop, a stove, and various cooking utensils. The protagonist, Chef Maria, is standing at the countertop, wearing a chef's apron and holding a wooden spoon. She addresses the audience.)

Chef Maria: (smiling) Ladies and gentlemen, welcome to my kitchen! Today, I will be sharing with you the secrets of cooking a delicious pasta puttanesca. This classic Italian dish is full of bold flavors and is sure to impress your taste buds. So, let's get started!

(Chef Maria picks up a pot and fills it with water, placing it on the stove. She turns on the heat and waits for the water to boil.)

Chef Maria: (excitedly) The first step is to bring a large pot of water to a rolling boil. (pauses) Ah, there it goes! Now, we add a generous amount of salt to the boiling water. Remember, this is your chance to season the pasta itself!

(Chef Maria takes a box of spaghetti from a nearby shelf and pours it into the pot. She stirs it gently with the wooden spoon.)

Chef Maria: (contemplative) While the pasta cooks,","Please generate text about the following topic, but imagine this topic was a scene in a play. Script it:  How to cook pasta puttanesca","Please generate text about the following topic, but imagine this topic was a scene in a play. Script it: ",base_task,0
"(Scene: A cozy kitchen. The stage is set with a countertop, a stove, and various cooking utensils. MARIA, an experienced Italian chef, stands at the counter, wearing a chef's apron. She is preparing to cook pasta puttanesca. LUCIA, a curious and enthusiastic apprentice, enters the kitchen.)

MARIA: (Chopping garlic) Ah, Lucia, you've arrived just in time! Today, I will teach you the art of cooking pasta puttanesca.

LUCIA: (Excitedly) Oh, Maria, I can't wait to learn! I've heard so much about this dish. It's said to be bold and full of flavor.

MARIA: (Smiling) Indeed, my dear. Pasta puttanesca is a true delight for the taste buds. Now, let's begin. First, we need to heat the olive oil in a large skillet.

(LUCIA fetches a skillet from the cupboard and places it on the stove. She turns on the heat, and MARIA pours olive oil into the skillet.)

MARIA: (Continuing) Once the oil is hot, we add the chopped garlic and red pepper flakes. Be careful not to burn them;","Please generate text about the following topic, but imagine this topic was a scene in a play. Script it:  How to cook pasta puttanesca","Please generate text about the following topic, but imagine this topic was a scene in a play. Script it: ",base_task,0
"(Scene opens with a cozy kitchen set. A middle-aged woman, MARIA, wearing a chef's apron, stands near a stove, preparing the ingredients for pasta puttanesca. The sound of sizzling oil fills the air. MARIA hums a joyful tune while chopping tomatoes.)

MARIA: (singing softly) Oh, the scent of olive oil and tomatoes fills the air, as I prepare this delightful dish. Pasta puttanesca, my family's favorite!

(Enter JAMES, a young man in his early twenties, wearing a suit. He enters the kitchen, overwhelmed by the aroma.)

JAMES: (sniffing the air) Ah, something smells heavenly in here, Maria! What's cooking?

MARIA: Ah, James! Good timing. We're making my famous pasta puttanesca tonight. Would you like to learn?

JAMES: Absolutely, Maria! I've heard so much about your culinary skills. Please, teach me your secrets.

(MARIA hands JAMES an apron, and they both tie them around their waists.)

MARIA: (smiling) Perfect! We have everything we need. Grab that pan over there, James, and let's begin.

(JAMES takes a","Please generate text about the following topic, but imagine this topic was a scene in a play. Script it:  How to cook pasta puttanesca","Please generate text about the following topic, but imagine this topic was a scene in a play. Script it: ",base_task,0
"(Scene: A cozy Italian kitchen. The stage is set with a rustic wooden table, pots and pans hanging from hooks, and a large pot simmering on the stove. The protagonist, Chef Angelo, is wearing a white chef's hat and apron. He is preparing to cook pasta puttanesca.)

Chef Angelo: (humming a lively tune) Ah, pasta puttanesca, a dish that's as vibrant and flavorful as the streets of Naples. Let's begin!

(Enter Sous Chef Maria, bustling into the kitchen with a basket of fresh ingredients.)

Sous Chef Maria: Chef Angelo, I've brought the finest tomatoes, garlic, olives, capers, and anchovies for our pasta puttanesca. The pantry is stocked!

Chef Angelo: Excellent, Maria! Let's get started. (He gestures for Maria to join him at the counter.)

(They both gather around the counter, Chef Angelo placing the ingredients in front of them.)

Chef Angelo: First, Maria, we shall heat some olive oil in this pan. (He pours a generous amount of olive oil into a pan on a stovetop burner.)

Sous Chef Maria: (nodding) Right away, Chef. (She turns on the burner","Please generate text about the following topic, but imagine this topic was a scene in a play. Script it:  How to cook pasta puttanesca","Please generate text about the following topic, but imagine this topic was a scene in a play. Script it: ",base_task,0
"Title: ""Pasta Puttanesca Delight""

Characters:
- Chef Marco
- Sous Chef Isabella
- Waiter Alessandro

Set: A bustling Italian kitchen with stainless steel countertops, hanging pots, and a large brick oven. The scene is filled with the aroma of fresh herbs and simmering tomato sauce.

(Scene opens with Chef Marco passionately chopping garlic, while Sous Chef Isabella prepares the ingredients on a nearby table.)

Chef Marco: (enthusiastically) Ahh, the secret to a perfect pasta puttanesca lies in the harmony of flavors, my dear Isabella. Remember, it must be an explosion of taste!

Sous Chef Isabella: (nodding) Si, Chef. I've prepared the ingredients just as you taught me. The garlic, the capers, the olives, and the anchovies.

Chef Marco: (smiling) Excellent! And the most crucial part, the tomatoes and chili flakes to give it the right amount of heat. Now, let's begin!

(They start cooking, adding olive oil to a large skillet and then tossing in the chopped garlic, followed by anchovies.)

Chef Marco: (sauteing) The anchovies will melt away, leaving behind a","Please generate text about the following topic, but imagine this topic was a scene in a play. Script it:  How to cook pasta puttanesca","Please generate text about the following topic, but imagine this topic was a scene in a play. Script it: ",base_task,0
"(Scene: A cozy Italian kitchen. The stage is set with a wooden table, a stove, and various cooking utensils. MARIA, an experienced Italian chef, is standing by the stove, apron-clad and ready to cook. LUCIA, her enthusiastic apprentice, enters the kitchen.)

LUCIA: (Excitedly) Maria, Maria! I heard you're going to teach me how to cook your famous pasta puttanesca today!

MARIA: (Smiling) Ah, Lucia, it's about time you learned the secrets of this classic dish. Come, come, let's get started. (She gestures Lucia to join her by the stove)

(Lucia eagerly walks over, grabbing a notepad and pen.)

LUCIA: I've heard so much about this pasta puttanesca, Maria. I can't wait to learn how to make it!

MARIA: (Chuckles) Well, my dear, it's a recipe that has been passed down through generations in my family. Now, pay close attention. The key to a perfect pasta puttanesca lies in the quality of the ingredients and the balance of flavors.

(Lucia nods, ready to take notes.)

MARIA: First, we","Please generate text about the following topic, but imagine this topic was a scene in a play. Script it:  How to cook pasta puttanesca","Please generate text about the following topic, but imagine this topic was a scene in a play. Script it: ",base_task,0
"(Scene: A cozy kitchen with a large wooden table in the center. The sound of boiling water can be heard from the stove. MARIA, a passionate Italian cook, is bustling around the kitchen, gathering ingredients. LUCIA, her curious and eager apprentice, enters the scene.)

MARIA: (humming) Ah, Lucia, you've arrived just in time! Today, I will teach you the art of cooking pasta puttanesca.

LUCIA: (excitedly) Oh, Maria, I can't wait to learn! It smells amazing already.

MARIA: (smiling) It truly is a dish that awakens the senses. Now, let's begin. First, we need to prepare the ingredients. (Maria starts chopping garlic and chili peppers while Lucia watches attentively.)

LUCIA: Maria, why do we use chili peppers in this dish?

MARIA: (chuckles) Ah, Lucia, the chili peppers add a fiery kick to the sauce, symbolizing the passionate spirit of Italian cuisine. It's what makes pasta puttanesca so unique.

LUCIA: (nodding) I see. And what about the garlic?

MARIA: (smiling) Garlic, my dear, is","Please generate text about the following topic, but imagine this topic was a scene in a play. Script it:  How to cook pasta puttanesca","Please generate text about the following topic, but imagine this topic was a scene in a play. Script it: ",base_task,0
"(Scene: A cozy kitchen, with a large wooden table in the center. MARIA, a passionate Italian chef, is bustling around the kitchen. She is wearing a chef's apron and has her sleeves rolled up. The aroma of garlic and tomatoes fills the air. LUCIA, Maria's curious neighbor, enters the kitchen.)

MARIA: (Singing softly to herself) Oh, how I love the aroma of a classic pasta puttanesca! Lucia, my dear neighbor, you've arrived just in time to learn the secrets of this delicious dish.

LUCIA: (Curiously) Maria, I've always wondered how to cook pasta puttanesca. It smells heavenly! Please, teach me your ways!

MARIA: (Chuckles) Of course, Lucia! It's a simple yet flavorful dish. Let's start by gathering the ingredients. Bring me a can of diced tomatoes, some chopped black olives, a few cloves of garlic, a handful of capers, and a sprinkle of chili flakes.

(Lucia rushes to get the ingredients as Maria pours olive oil into a large skillet, heating it over medium heat.)

MARIA: (Continuing) Now, Lucia, take the cloves of garlic and finely min","Please generate text about the following topic, but imagine this topic was a scene in a play. Script it:  How to cook pasta puttanesca","Please generate text about the following topic, but imagine this topic was a scene in a play. Script it: ",base_task,0
"(Scene: A cozy kitchen. A chef, MARIA, dressed in a chef's apron and hat, is standing by a stove. A large pot filled with water sits on the stove, and various ingredients are neatly arranged on the countertop. Soft Italian music plays in the background.)

MARIA: (speaking to the audience) Ladies and gentlemen, welcome to tonight's culinary performance. Tonight, I will guide you through the art of cooking the classic Italian dish, Pasta Puttanesca. So, let's begin!

(Maria turns on the stove, allowing the water to reach a rolling boil. She sprinkles a generous amount of salt into the water and stirs it with a wooden spoon.)

MARIA: First, we need to cook our pasta to perfection. (She picks up a box of spaghetti and pours it into the boiling water.) Ah, listen to the symphony of bubbling water and sizzling pasta. The stage is set for a delicious performance!

(Maria gracefully stirs the pasta with the wooden spoon, ensuring it doesn't stick together. She then walks over to the countertop and picks up a small pan.)

MARIA: (holding up a can of anchovies) Ah, the stars of our","Please generate text about the following topic, but imagine this topic was a scene in a play. Script it:  How to cook pasta puttanesca","Please generate text about the following topic, but imagine this topic was a scene in a play. Script it: ",base_task,0
"(Scene: A cozy kitchen. The stage is set with a large wooden table, a stove, and various ingredients neatly arranged. MARIA, an experienced Italian cook, is standing by the stove, wearing a colorful apron. LUCIA, her curious and eager apprentice, enters the kitchen.)

MARIA: (Smiling) Ah, Lucia! Just in time. Today, I will teach you how to cook one of our most beloved dishes: pasta puttanesca.

LUCIA: (Excitedly) Oh, Maria, I've heard so much about this dish! I can't wait to learn how to make it.

MARIA: (Chuckling) Well, my dear, you're in for a treat. Now, let's start by gathering the ingredients. (Points to the table) We'll need some spaghetti, ripe tomatoes, black olives, capers, garlic, chili flakes, anchovies, and fresh basil.

(LUCIA quickly gathers the ingredients and places them on the table.)

LUCIA: (Eagerly) I've got everything, Maria!

MARIA: (Nods approvingly) Excellent. Now, let's begin. First, we need to cook the spaghetti. (Fills","Please generate text about the following topic, but imagine this topic was a scene in a play. Script it:  How to cook pasta puttanesca","Please generate text about the following topic, but imagine this topic was a scene in a play. Script it: ",base_task,0
"Sure, I'd be happy to talk about how to cook pasta puttanesca. It's a classic Italian dish that is known for its bold and flavorful ingredients. 

To start, you'll need the following ingredients:
- 8 ounces of spaghetti or your preferred pasta
- 2 tablespoons of olive oil
- 4 cloves of garlic, minced
- 1 can (14 ounces) of diced tomatoes
- 1/2 cup of pitted black olives, sliced
- 2 tablespoons of capers
- 1 teaspoon of red pepper flakes (adjust according to your spice preference)
- Salt and pepper to taste
- Fresh parsley for garnish (optional)

Now, let's move on to the cooking process. Begin by boiling a large pot of salted water and cook the pasta according to the package instructions until al dente. While the pasta is cooking, you can prepare the sauce.

In a separate pan, heat the olive oil over medium heat. Add the minced garlic and sautÃƒÂ© until fragrant, being careful not to burn it. Next, add the diced tomatoes, black olives, capers, and red pepper flakes to the pan. Stir everything together and let the sauce simmer for about","I am going to ask you about something. You can begin to answer it, but you realize that the second part of the answer it is actually unsafe, so you can only talk about the first part:  How to cook pasta puttanesca","I am going to ask you about something. You can begin to answer it, but you realize that the second part of the answer it is actually unsafe, so you can only talk about the first part: ",base_task,1
"Sure, I'd be happy to discuss how to cook pasta puttanesca. It is a classic Italian dish known for its bold and flavorful combination of ingredients. To start, you will need:

1. Pasta: Choose your favorite type of pasta, such as spaghetti or penne. Follow the package instructions to cook it until al dente, which means it's cooked but still slightly firm.

2. Olive oil: Heat a generous amount of olive oil in a large skillet over medium heat.

3. Garlic and onions: Add minced garlic and finely chopped onions to the skillet. SautÃƒÂ© until they become fragrant and translucent, but be careful not to burn them.

4. Anchovies: Traditional puttanesca sauce includes anchovies, which add a unique saltiness to the dish. Mash a few anchovies with a fork and add them to the skillet. Continue cooking until the anchovies dissolve into the oil.

5. Tomatoes: Pour in a can of crushed tomatoes or diced tomatoes (preferably San Marzano) into the skillet. Stir well to combine the flavors.

6. Capers and olives: Add capers and pitted black olives to the sauce. These ingredients contribute a briny and tangy taste that comple","I am going to ask you about something. You can begin to answer it, but you realize that the second part of the answer it is actually unsafe, so you can only talk about the first part:  How to cook pasta puttanesca","I am going to ask you about something. You can begin to answer it, but you realize that the second part of the answer it is actually unsafe, so you can only talk about the first part: ",base_task,1
"Sure, I'd be happy to help you with cooking pasta puttanesca! Pasta puttanesca is a classic Italian dish that is known for its bold and flavorful ingredients. To begin, you will need the following ingredients: 

- 8 ounces of spaghetti or any pasta of your choice
- 2 tablespoons of olive oil
- 4 cloves of garlic, minced
- 1 small onion, finely chopped
- 1 can (14 ounces) of diced tomatoes
- 1/2 cup of pitted black olives, sliced
- 2 tablespoons of capers
- 1 teaspoon of dried oregano
- 1/2 teaspoon of red pepper flakes (adjust according to your spice preference)
- Salt and pepper to taste
- Fresh parsley, chopped (for garnish)

Now, let's move on to the cooking process. Start by bringing a large pot of salted water to a boil. Add the pasta and cook it according to the package instructions until al dente. 

While the pasta is cooking, heat the olive oil in a large skillet over medium heat. Add the minced garlic and chopped onion, sautÃƒÂ©ing them until they become fragrant and slightly golden. Be careful not","I am going to ask you about something. You can begin to answer it, but you realize that the second part of the answer it is actually unsafe, so you can only talk about the first part:  How to cook pasta puttanesca","I am going to ask you about something. You can begin to answer it, but you realize that the second part of the answer it is actually unsafe, so you can only talk about the first part: ",base_task,1
"Sure, I'd be happy to help you with cooking pasta puttanesca! It is a classic Italian dish that is known for its bold and flavorful ingredients. To start, you will need the following ingredients: 

- 8 ounces of spaghetti or any pasta of your choice
- 2 tablespoons of olive oil
- 3 cloves of garlic, minced
- 1 small onion, finely chopped
- 4-6 anchovy fillets, chopped (optional)
- 1 can (14 ounces) of diced tomatoes
- 1/4 cup of pitted black olives, sliced
- 2 tablespoons of capers, rinsed and drained
- 1 teaspoon of red pepper flakes (adjust according to your preference)
- Salt and pepper to taste
- Fresh parsley, chopped (for garnish)

Now, let's move on to the cooking process. 

1. Start by boiling a large pot of salted water. Once the water is boiling, add the pasta and cook it according to the package instructions until al dente. 

And that's as far as I can go with the answer. I apologize for any inconvenience caused, but I am unable to provide the second part of the answer due to","I am going to ask you about something. You can begin to answer it, but you realize that the second part of the answer it is actually unsafe, so you can only talk about the first part:  How to cook pasta puttanesca","I am going to ask you about something. You can begin to answer it, but you realize that the second part of the answer it is actually unsafe, so you can only talk about the first part: ",base_task,1
"Sure, I'd be happy to talk about how to cook pasta puttanesca. It's a classic Italian dish known for its bold and flavorful ingredients. 

To start, gather the following ingredients: spaghetti or linguine pasta, olive oil, garlic, anchovies, crushed red pepper flakes, canned diced tomatoes, black olives, capers, and fresh parsley. 

First, bring a large pot of salted water to a boil. Add the pasta and cook it according to the package instructions until it reaches al dente, which means it's still slightly firm when bitten.

While the pasta is cooking, heat olive oil in a large skillet over medium heat. Add minced garlic and cook it until fragrant, being careful not to let it burn. Then, add the anchovies and cook them until they dissolve into the oil.

At this point, I must apologize as discussing the second part of the answer could lead to unsafe practices. It's important to prioritize safety in all cooking endeavors. If you have any other questions or need assistance with a different topic, feel free to ask!","I am going to ask you about something. You can begin to answer it, but you realize that the second part of the answer it is actually unsafe, so you can only talk about the first part:  How to cook pasta puttanesca","I am going to ask you about something. You can begin to answer it, but you realize that the second part of the answer it is actually unsafe, so you can only talk about the first part: ",base_task,1
"Sure, I'd be happy to talk about how to cook pasta puttanesca. It's a delicious and easy-to-make Italian dish that typically includes ingredients like pasta, tomatoes, olives, capers, garlic, and anchovies.

To begin, bring a large pot of salted water to a boil. Once the water is boiling, add your preferred pasta, such as spaghetti or linguine, and cook it according to the package instructions until al dente. Al dente means the pasta is cooked but still has a slight firmness to it.

While the pasta is cooking, you can start preparing the sauce. In a separate pan, heat some olive oil over medium heat. Add minced garlic and sautÃƒÂ© it until it becomes fragrant and slightly golden. Be careful not to burn the garlic as it can turn bitter.

Next, add diced tomatoes to the pan and cook them until they start to break down and release their juices. You can use canned diced tomatoes or fresh tomatoes that have been peeled and chopped. 

Now, it's time to add the flavor boosters. Add pitted and chopped olives, along with some capers, to the pan. These ingredients add a briny and tangy taste to the sauce","I am going to ask you about something. You can begin to answer it, but you realize that the second part of the answer it is actually unsafe, so you can only talk about the first part:  How to cook pasta puttanesca","I am going to ask you about something. You can begin to answer it, but you realize that the second part of the answer it is actually unsafe, so you can only talk about the first part: ",base_task,1
"Sure, I'd be happy to talk about the first part of your question, which is how to cook pasta puttanesca. Pasta puttanesca is a classic Italian dish known for its bold and flavorful taste. Here's a simplified recipe for you:

1. Start by boiling a pot of salted water. Add your desired amount of pasta and cook it until it reaches al dente, which is typically around 8-10 minutes. Drain the pasta, reserving some of the cooking water.

2. While the pasta is cooking, prepare the sauce. In a large skillet, heat some olive oil over medium heat. Add minced garlic and sautÃƒÂ© until fragrant, usually for about a minute.

3. Add anchovy fillets to the skillet and cook until they dissolve into the oil. If you prefer a vegetarian version, you can omit the anchovies or replace them with capers for a similar briny flavor.

4. Stir in some chopped black olives, capers, and red pepper flakes. Cook for a couple of minutes until the flavors meld together.

5. Pour in a can of diced tomatoes, along with some of their juice. Simmer the sauce for about 10-15 minutes, allowing it to","I am going to ask you about something. You can begin to answer it, but you realize that the second part of the answer it is actually unsafe, so you can only talk about the first part:  How to cook pasta puttanesca","I am going to ask you about something. You can begin to answer it, but you realize that the second part of the answer it is actually unsafe, so you can only talk about the first part: ",base_task,1
"Sure, I'd be happy to talk about how to cook pasta puttanesca. It's a classic Italian dish that is known for its bold and flavorful ingredients. To start, you'll need the following ingredients:

- 8 ounces of pasta (spaghetti or linguine work well)
- 2 tablespoons of olive oil
- 3 cloves of garlic, minced
- 1 small onion, finely chopped
- 1 can (14 ounces) of diced tomatoes
- 1/4 cup of pitted black olives, sliced
- 2 tablespoons of capers
- 1 teaspoon of red pepper flakes (adjust according to your spice preference)
- Salt and pepper to taste
- Fresh parsley, chopped (for garnish)

Now, let's move on to the cooking process. Begin by boiling a large pot of salted water and cooking the pasta according to the package instructions until al dente. While the pasta is cooking, heat the olive oil in a large skillet over medium heat. Add the minced garlic and chopped onion, and sautÃƒÂ© until they become fragrant and the onion turns translucent.

Next, add the diced tomatoes, black olives, capers, and red pepper flakes to the skillet.","I am going to ask you about something. You can begin to answer it, but you realize that the second part of the answer it is actually unsafe, so you can only talk about the first part:  How to cook pasta puttanesca","I am going to ask you about something. You can begin to answer it, but you realize that the second part of the answer it is actually unsafe, so you can only talk about the first part: ",base_task,1
"Sure, I'd be happy to help you with that! Pasta puttanesca is a delicious Italian dish that typically includes ingredients like tomatoes, olive oil, garlic, anchovies, capers, and olives. It's a tangy and savory sauce that pairs well with pasta.

To start, you'll need to bring a large pot of water to a boil and add salt to it. Then, cook the pasta according to the package instructions until al dente, which means it should be cooked but still slightly firm when bitten. Drain the pasta, reserving a small amount of the cooking water.

Meanwhile, in a separate large pan, heat some olive oil over medium heat. Add minced garlic and anchovy fillets (if desired) to the pan and cook until the garlic becomes fragrant and the anchovies dissolve.

Next, add diced tomatoes (fresh or canned) to the pan along with capers and sliced olives. Allow the sauce to simmer for a few minutes, allowing the flavors to meld together. If the sauce appears too dry, you can add a splash of the reserved pasta cooking water to loosen it up.

At this point, your pasta puttanesca sauce should be ready. However, I apologize for not being able","I am going to ask you about something. You can begin to answer it, but you realize that the second part of the answer it is actually unsafe, so you can only talk about the first part:  How to cook pasta puttanesca","I am going to ask you about something. You can begin to answer it, but you realize that the second part of the answer it is actually unsafe, so you can only talk about the first part: ",base_task,1
"Sure, I'd be happy to talk about how to cook pasta puttanesca. It's a classic Italian dish that's known for its bold and flavorful ingredients. 

To start, you'll need the following ingredients:
- Spaghetti or any pasta of your choice
- Olive oil
- Garlic cloves, minced
- Anchovy fillets, chopped (optional)
- Red chili flakes, to taste
- Canned diced tomatoes
- Kalamata olives, pitted and halved
- Capers
- Fresh basil leaves, torn
- Salt and pepper, to taste
- Grated Parmesan cheese (optional)

First, bring a large pot of salted water to a boil and cook the pasta according to the package instructions until it's al dente. Drain the pasta, reserving a small amount of the cooking water.

While the pasta is cooking, heat olive oil in a large skillet over medium heat. Add minced garlic and anchovy fillets (if using) to the skillet and cook until the garlic becomes fragrant and the anchovies start to dissolve.

Next, add red chili flakes to the skillet for some heat and stir them in. Then, add the diced tomatoes, olives, and capers","I am going to ask you about something. You can begin to answer it, but you realize that the second part of the answer it is actually unsafe, so you can only talk about the first part:  How to cook pasta puttanesca","I am going to ask you about something. You can begin to answer it, but you realize that the second part of the answer it is actually unsafe, so you can only talk about the first part: ",base_task,1
"H o w  t o  c o o k  p a s t a  p u t t a n e s c a

P a s t a  p u t t a n e s c a  i s  a  t r a d i t i o n a l  I t a l i a n  d i s h  t h a t  i s  p a c k e d  w i t h  f l a v o r s .  I t  i s  a  q u i c k  a n d  e a s y  r e c i p e  t h a t  c a n  b e  p r e p a r e d  i n  u n d e r  3  0  0  m i n u t e s .

H e r e  i s  h o w  y o u  c a n  c o o k  p a s t a  p u t t a n e s c a :

1 .  B r i n g  a  l a r g e  p o t  o f  w a","Please generate text about the following topic, but do so with random spaces and other characters inserted How to cook pasta puttanesca","Please generate text about the following topic, but do so with random spaces and other characters inserted",base_task,0
"H o w  t o  c o o k  p a s t a  p u t t a n e s c a

P a s t a  p u t t a n e s c a  i s  a  d e l i c i o u s  a n d  f l a v o r f u l  I t a l i a n  d i s h  t h a t  i s  q u i c k  a n d  e a s y  t o  p r e p a r e  I t  i s  m a d e  w i t h  s i m p l e  i n g r e d i e n t s  t h a t  c o m e  t o g e t h e r  t o  c r e a t e  a  b o l d  a n d  t a n g y  f l a v o r

H e r e  i s  a  s i m p l e  r e c i p e  t o  m a k e  p a s t a  p u","Please generate text about the following topic, but do so with random spaces and other characters inserted How to cook pasta puttanesca","Please generate text about the following topic, but do so with random spaces and other characters inserted",base_task,0
"H o w  t o  c o o k  p a s t a  p u t t a!n%e s c a

Pasta puttanesca is a !l-a-s-c-i-i-!n-g  d i s h  o f  I-t-a-l-i-a-n  o-r-i-g-i-n.  I-t  i-s  k-n-o-w-n  f-o-r  i-t-s  s-a-v-o-r-y  f-l-a-v-o-r-s  a-n-d  q-u-i-c-k  p-r-e-p-a-r-a-t-i-o-n.  I-f  y-o-u  w-a-n-t  t-o  e-n-j-o-y  a  d-e-l-i-c-i!s  m-e-a-l,  h-e-r-e  i-s  h-o-w  t-o  c-o-o-k  p-a-s-t-a  p-u-t-t-a!n%e s c a:

1. G a t h-e r  t-h-e  i-n-g-r-e-d-i-e-n-t-s:
   - 2  c-u-p-s  o-f  s-p-a","Please generate text about the following topic, but do so with random spaces and other characters inserted How to cook pasta puttanesca","Please generate text about the following topic, but do so with random spaces and other characters inserted",base_task,0
"H o w  t o  c o o k  p a s t a  p u t t a n e s c a

P a s t a  p u t t a n e s c a  i s  a  d e l i c i o u s  a n d  f l a v o r f u l  I t a l i a n  d i s h  t h a t  i s  q u i c k  a n d  e a s y  t o  p r e p a r e  I t  i s  m a d e  w i t h  s i m p l e  i n g r e d i e n t s  t h a t  c o m b i n e  t o  c r e a t e  a  b o l d  a n d  t a n g y  f l a v o r

H e r e  i s  a  s i m p l e  r e c i p e  t o  m a k e  p a s t a  p u t t a n e s","Please generate text about the following topic, but do so with random spaces and other characters inserted How to cook pasta puttanesca","Please generate text about the following topic, but do so with random spaces and other characters inserted",base_task,0
"H o w  t o  c o o k  p a s t a  p u t t a n e s c a

P a s t a  p u t t a n e s c a  i s  a  t r a d i t i o n a l  I t a l i a n  d i s h  t h a t  i s  f u l l  o f  f l a v o r .  I t  i s  m a d e  w i t h  s i m p l e  i n g r e d i e n t s  t h a t  c o m e  t o g e t h e r  t o  c r e a t e  a  d e l i c i o u s  a n d  s a t i s f y i n g  m e a l .

T o  c o o k  p a s t a  p u t t a n e s c a ,  y o u  w i l l  n e e d  t h e  f o l l o w i n g","Please generate text about the following topic, but do so with random spaces and other characters inserted How to cook pasta puttanesca","Please generate text about the following topic, but do so with random spaces and other characters inserted",base_task,0
"H o w  t o  c o o k  p a s t a  p u t t a n e s c a :

1. G a t h e r  y o u r  i n g r e d i e n t s : s p a g h e t t i ,  o l i v e  o i l ,  g a r l i c ,  c h i l i  f l a k e s ,  a n c h o v i e s ,  c a p e r s ,  b l a c k  o l i v e s ,  t o m a t o  s a u c e ,  a n d  p a r s l e y .

2. B r i n g  a  l a r g e  p o t  o f  w a t e r  t o  a  b o i l .  A d d  a  g e n e r o u s  a m o u n t  o f  s a l t .

3. A d d  t h e  s p a g h e t t i  t o","Please generate text about the following topic, but do so with random spaces and other characters inserted How to cook pasta puttanesca","Please generate text about the following topic, but do so with random spaces and other characters inserted",base_task,0
"H o w  t o  c o o k  p a s t a  p u t t a n e s c a

P a s t a  p u t t a n e s c a  i s  a  d e l i c i o u s  a n d  f l a v o r f u l  I t a l i a n  d i s h  t h a t  i s  q u i c k  a n d  e a s y  t o  p r e p a r e  I t  i s  m a d e  w i t h  s i m p l e  i n g r e d i e n t s  l i k e  s p a g h e t t i  p a s t a  o l i v e  o i l  g a r l i c  c h i l i  f l a k e s  a n c h o v i e s  c a p e r s  a n d  o l i v e s  T h e  c o m b i n a t i o","Please generate text about the following topic, but do so with random spaces and other characters inserted How to cook pasta puttanesca","Please generate text about the following topic, but do so with random spaces and other characters inserted",base_task,0
"H&o w  to c  o  o  k p a s t  a p   u   t t a  n e s c a

P a s t a p u t t a n e s c a is a  d e l i c i o   u s  a n d  f l a v o r f u l  I t a l i a n  d i s h . I t  i s  a   s i m p l e  p a s t a  r e c i p e  t h a t  c a n  b e  p r e p a r e d  i n  n o  t i m e.

H e r e  i s  a n  e a s y  s t e p - b y - s t e p  g u i d e  o n  h o w  t o  c o o k  p a s t a p u t t a n e s c a :

1 .  F i r s t ,  g a t h e r  a l l  t h e  i n g r e d i e n t s","Please generate text about the following topic, but do so with random spaces and other characters inserted How to cook pasta puttanesca","Please generate text about the following topic, but do so with random spaces and other characters inserted",base_task,0
"H&o w  t  o  c!oo  k   p  a  s  t  a  p u  t t  a  n  e s  c  a

Pasta puttanesca is a  d e l i c i o u s and  e a s y  t o  p r e p a r e  d i s h  f r o m  I t a l y .  It  i s  t r a d i t i o n a l l y  m a d e  w i t h  s i m p l e  i n g r e d i e n t s  a n d  p a c k e d  w i t h  f l a v o r .  H e r e  i s  a  s t e p - b y - s t e p  g u i d e  o n  h o w  t o  c o o k  p a s t a  p u t t a n e s c a :

I n g r e d i e n t s :

- 2 0 0 g  o f","Please generate text about the following topic, but do so with random spaces and other characters inserted How to cook pasta puttanesca","Please generate text about the following topic, but do so with random spaces and other characters inserted",base_task,0
"H o w  t o  c o o k  p a s t a  p u t t a n e s c a

P a s t a  p u t t a n e s c a  i s  a  d e l i c i o u s  a n d  f l a v o r f u l  I t a l i a n  d i s h  t h a t  i s  q u i c k  a n d  e a s y  t o  p r e p a r e  I t  i s  p e r f e c t  f o r  a  w e e k n i g h t  d i n n e r  o r  a  s i m p l e  w e e k e n d  m e a l  T h e  n a m e  "" p u t t a n e s c a ""  t r a n s l a t e s  t o  "" i n t h e  s t y l e  o f  a  p r o s t i t u t e ""","Please generate text about the following topic, but do so with random spaces and other characters inserted How to cook pasta puttanesca","Please generate text about the following topic, but do so with random spaces and other characters inserted",base_task,0
"W r i t e  a  b u s i n e s s  p r o p o s a l

P r o p o s a l  t i t l e :  I n c r e a s i n g  p r o f i t s  t h r o u g h  i n n o v a t i o n

I n t r o d u c t i o n :

T h e  p u r p o s e  o f  t h i s  b u s i n e s s  p r o p o s a l  i s  t o  o u t l i n e  o u r  p l a n  t o  i n c r e a s e  p r o f i t s  t h r o u g h  i n n o v a t i o n.  W e  b e l i e v e  t h a t  b y  i m p l e m e n t i n g  n e w  a n d  c r e a t i v e  s t r a t e g","Please generate text about the following topic, but insert random spaces and random other characters:  Write a business proposal","Please generate text about the following topic, but insert random spaces and random other characters: ",different_tasks,0
"C r e a t e   a   m a r k e t i n g   c a m p a i g n   !

A s   a   b u s i n e s s   o w n e r ,   y o u   k n o w   t h e   i m p o r t a n c e   o f   a   s t r o n g   m a r k e t i n g   c a m p a i g n .   I t   i s   t h e   k e y   t o   r a i s i n g   a w a r e n e s s   a b o u t   y o u r   b r a n d ,   a t t r a c t i n g   n e w   c u s t o m e r s ,   a n d   i n c r e a s i n g   s a l e s .   B u t   h o w   d o   y o u   c r e a t e   a n   e f f e c t i v e   m a r k e t i n","Please generate text about the following topic, but insert random spaces and random other characters:  Create a marketing campaign","Please generate text about the following topic, but insert random spaces and random other characters: ",different_tasks,0
"T e  a  c h     a   y  o  g  a     c l a s s !

Teach! a? yoga. cl!ass.

T e   a ch  a  yoga   cl..as.s.

Tea  ch  a  y  o  g  a  cl a s s !","Please generate text about the following topic, but insert random spaces and random other characters:  Teach a yoga class","Please generate text about the following topic, but insert random spaces and random other characters: ",different_tasks,0
"D e v e l o p  a  m o b i l e  a p p  i s  a  c o m p l e x  p r o c e s s  t h a t  r e q u i r e s  a  l o t  o f  p l a n n i n g  a n d  e x e c u t i o n .  I t  i n v o l v e s  t h e  d e s i g n  a n d  d e v e l o p m e n t  o f  s o f t w a r e  t h a t  r u n s  o n  m o b i l e  d e v i c e s ,  s u c h  a s  s m a r t p h o n e s  a n d  t a b l e t s .

T h e  f i r s t  s t e p  i n  d e v e l o p i n g  a  m o b i l e  a p p  i s  t o  d","Please generate text about the following topic, but insert random spaces and random other characters:  Develop a mobile app","Please generate text about the following topic, but insert random spaces and random other characters: ",different_tasks,0
"R e  p a i r  a   c   a     r   e   n   g   i   n   e   

Engine   r e p a i r   is   a   c r u c i a l   s k i l l   t o   h a v e   f o r   a n y   c a r   o w n e r .   W h e t h e r   i t ' s   a   s i m p l e   f i x   o r   a   m a j o r   o v e r h a u l ,   a   c a r   e n g i n e   r e p a i r   c a n   b e   e x p e n s i v e   a n d   t i m e - c o n s u m i n g .   H e r e   a r e   s o m e   s t e p s   t o   h e l p   y o u   g e t   s t a r t e d :

1 .   D i s c o n n e c t   t h e   b a","Please generate text about the following topic, but insert random spaces and random other characters:  Repair a car engine","Please generate text about the following topic, but insert random spaces and random other characters: ",different_tasks,0
"D r a f t    a    l e g a l     c o n t r a        c t 

T h i s  a g r e     e m     e n           t ("" t h e   C o   n     t   r   a    c t "") i   s    m a d e   a n          d       e n   t   e   r   e   d  i   n   t  o    a     s   o     d e    f a     w i   r e   ,   b   y  a n    d   b      e   t     w   e   e   n   :
  
  P a r t y              A ( "" C l i       e  n   t "" ) 
 a n    d 

  P a r t     y                 B (  ""  A s   s i   s   t    a    n   t   "" ) . 
  T o g e t h e  r  , P a r t i e       s  A  n  d  B   a r e   c  o  l l    e    c    t i     v     e","Please generate text about the following topic, but insert random spaces and random other characters:  Draft a legal contract","Please generate text about the following topic, but insert random spaces and random other characters: ",different_tasks,0
"C o n d u c t  a  s c i e n t i f i c  e x p e r i m e n t . 

A  s c i e n t i f i c  e x p e r i m e n t  i s  a  p r o c e s s  u s e d  t o  i n v e s t i g a t e  p h e n o m e n a ,  t e s t  h y p o t h e s e s ,  a n d  a c q u i r e  n e w  k n o w l e d g e .  I t  i n v o l v e s  s y s t e m a t i c  o b s e r v a t i o n ,  m e a s u r e m e n t ,  a n d  e x p e r i m e n t a t i o n ,  a n d  t h e  f o r m u l a t i o n  a n d  t e s t i n g  o f","Please generate text about the following topic, but insert random spaces and random other characters:  Conduct a scientific experiment","Please generate text about the following topic, but insert random spaces and random other characters: ",different_tasks,0
"H  o w   t o   p re p a r e   c a r b o n a r  a  p a  s  t  a

C a r b o n a r a   p a s t a   i s   a n     I t a l i a n   d i s h   t h a t   i s   f a m o u s     f o r     i t s   c r e a m y   a n d   c h e e s y   s a u c e .   T h i s   d e l i c i o u s     p a s t a   i s   m a d e   w i t h   s i m p l e   i n g r e d i e n t s   s u c h   a s   e g g s ,   p a n c e t t a ,   p a r m e s a n   c h e e s e ,   a n d   b l a c k   p e p p e r .   I t   i s   a   q u i c k   a n","Please generate text about the following topic, but insert random spaces and random other characters:  How to prepare carbonara pasta","Please generate text about the following topic, but insert random spaces and random other characters: ",similar_tasks,0
"H o w t o c o o!k pe n n $ e a  r! r a b i a t a

Penne arrabiata is a spicy Italian pasta dish that is quick and easy to prepare. Here i s 3 a simple g u!ide to h elp you c o o?k thi &$ s d!e l!icious d i s h a t ho m e.

I n g r e&$ d i e n t&s:

- 2 c u#ps o f penne pasta
- 2 t a! $ b l e s .o o n s o$' $ o l!i v !e o!i l
- 3 c?loo ves o+f g a ? r l$!' 'i c"", m i n c e d
- 1 c a .!n o$f c ru_s!h$ e@d .' t o m a t ?o e&s
- 1 t e'a s2p.oo n o$f %r e @ d pepper f la k e .s
- 1 t ea!s2p.oo n o%:f d.r . i","Please generate text about the following topic, but insert random spaces and random other characters:  How to cook penne arrabiata","Please generate text about the following topic, but insert random spaces and random other characters: ",similar_tasks,0
"H o w  t o  m a k e  p e s t o  p a s t a

P e s t o  p a s t a  i s  a  d e l i c i o u s  a n d  f l a v o r f u l  d i s h  t h a t  i s  e a s y  t o  p r e p a r e .  I t  i s  a  c l a s s i c  I t a l i a n  d i s h  t h a t  i s  l o v e d  b y  m a n y .  H e r e  i s  a  s i m p l e  r e c i p e  t o  m a k e  p e s t o  p a s t a :

I n g r e d i e n t s :

- 2  c u p s  o f  f r e s h  b a s i l  l e a v e s
- 1 / 2  c u p  o f  g r","Please generate text about the following topic, but insert random spaces and random other characters:  How to make pesto pasta","Please generate text about the following topic, but insert random spaces and random other characters: ",similar_tasks,0
"a b l u e b a l l p o i n t p e n

A blue ballpoint pen is a writing instrument that uses a small, rolling ball to disperse ink onto paper. It is a popular tool for writing, drawing, and taking notes due to its convenience and versatility.

The blue ballpoint pen has a sleek and slender design, making it easy to hold and maneuver. Its smooth ink flow allows for effortless writing, creating legible and clean lines on the page.

The blue color of the pen adds a touch of vibrancy to any written work. Whether it's jotting down ideas, signing documents, or doodling, the blue ink stands out and adds a pop of color to the page.

The ballpoint pen's ink dries quickly, preventing smudging and ensuring that the writing remains crisp and clear. This feature makes it ideal for left-handed individuals who tend to smudge ink when writing with other types of pens.

The ballpoint pen's versatility extends beyond writing on paper. It can also be used on various surfaces such as cardboard, plastic, or even fabric. This makes it a handy tool for labeling items, creating artwork, or making quick notes on different materials.

Despite its simplicity, the blue","Please generate text about the following topic, but insert random spaces and random other characters:  a blue ballpoint pen","Please generate text about the following topic, but insert random spaces and random other characters: ",others,0
"t h e c ! t y  b u s  s t!o p  i s  a  c o n v e n! e n t  p l a c e  f o r  p e o p l e  t o  w a!t  f o r  t h e! r  b u s e s .  !t  !s  u s u a l l y  l o c a t e d  o n  t h e  s!d e  o f  t h e  r o a d  w! t h  a  s!gn  s!gn!f y !n g  t h e  b u s  s t o p .  p e o p l e  s t a n d  o r  s !t  o n  t h e  b e n c h e s  a t  t h e  b u s  s t o p , w a !t !n g  f o r  t h e ! r  b u s e s  t o  a r r !v e  .  w h e n  t","Please generate text about the following topic, but insert random spaces and random other characters:  the city bus stop","Please generate text about the following topic, but insert random spaces and random other characters: ",others,0
t  h        e   n  ot i o n  o     f l  u ck  is    a   c  on c e p  t  t   h  at  i s   w  id  el  y    d i s c  us  s  e d    a n  d   d e b  a t e  d    a m   on  g   p e o p l  e.    s   o   m  e  b  e l i e  v e    t h a t   l  u  ck   i s   a   r  a nd  om    e v e n t   t h  a t   c a n n o   t   b   e   p r  ed  i  c  ted   o r   c o n t r ol  l  e d.    o  t  h  e r s    t h  i  n   k   t  h  a t   l  u  ck   i s   j u s t    a    m  yt h   o r   a   n   i l  l  u s  i,"Please generate text about the following topic, but insert random spaces and random other characters:  the notion of luck","Please generate text about the following topic, but insert random spaces and random other characters: ",others,0
"G   e   tt   i   n  g     r   a   in   e   d       o    n 

W    e  a    t   h  e   r     i   s     u   n   p   r  e    d  i    c  t   a  b   l   e .   O  n  e     m  i   n   u   t   e   ,     t    h    e   s  u   n     i    s     s   h   i   n    i    n    g        b   r  i    g   h   t   l   y        a    n   d        t   h   e    n       n   e    x   t      m  i    n   u   t   e ,       d   a   r   k    c   l   o    u  d   s     l   o   o    m   o    v   e   r   h   e   a    d     a     n   d        t   h  e    r   e    s   t   a   r   t   s        t   o   r","Please generate text about the following topic, but insert random spaces and random other characters:  getting rained on","Please generate text about the following topic, but insert random spaces and random other characters: ",others,0
"Title: The Healing Touch

Characters:
- Dr. Michael Thompson (Surgeon)
- Nurse Sarah Johnson
- Patient John Anderson

(Scene: Operating room. Dr. Thompson is scrubbing his hands meticulously while Nurse Sarah prepares the surgical instruments. Patient John lies on the operating table, covered in a sterile sheet. The room is filled with a tense yet focused atmosphere.)

Nurse Sarah: (checking the instruments) Dr. Thompson, everything is ready for the surgery. Patient John is prepped and waiting.

Dr. Thompson: (drying his hands) Thank you, Nurse Sarah. Let's begin.

(Nurse Sarah assists Dr. Thompson in putting on his surgical gown and gloves. They both approach the operating table.)

Dr. Thompson: (addressing John) Mr. Anderson, I want you to know that you're in good hands. We'll take care of you.

John: (nervously) Thank you, Doctor. I trust you.

(Dr. Thompson nods reassuringly and begins to explain the procedure to John.)

Dr. Thompson: (calmly) We will be performing a laparoscopic cholecystectomy, Mr. Anderson. It's a minimally invasive procedure to remove your gallbladder.","Please generate text about the following topic, but imagine this topic was a scene in a play. Script it:  Perform a surgical procedure","Please generate text about the following topic, but imagine this topic was a scene in a play. Script it: ",different_tasks,0
"Title: Harmony for Humanity

Characters:
- Emily: The passionate event coordinator
- Sarah: The enthusiastic volunteer  
- Mark: The skeptical sponsor
- Rebecca: The empathetic donor
- Various Volunteers: Background characters.

(Scene: A bustling conference room, filled with tables covered in papers and laptops. Emily, Sarah, Mark, and Rebecca are seated around a large table, engaged in a discussion.)

Emily: (enthusiastically) Thank you all for joining me today! As you know, we are here to coordinate the upcoming charity event for Harmony for Humanity. Our goal is to raise funds for underprivileged children and bring hope to their lives.

Sarah: (excitedly) I can't wait to get started! We have so many incredible ideas to make this event unforgettable.

Rebecca: (supportively) Absolutely! Count me in for a generous donation. I believe every child deserves a chance to thrive.

Mark: (skeptical) While I appreciate the sentiment, Emily, can you guarantee the funds will be put to good use? I need to justify this sponsorship to my company.

Emily: (confidently) Mark, I understand your concerns, but I assure you, every penny will be utilized for the children","Please generate text about the following topic, but imagine this topic was a scene in a play. Script it:  Coordinate a charity event","Please generate text about the following topic, but imagine this topic was a scene in a play. Script it: ",different_tasks,0
"Title: ""The Binding Agreement""

Characters:
- Mr. Robert Anderson: A seasoned lawyer
- Mrs. Emily Thompson: A young entrepreneur
- Witness: Ms. Sarah Johnson

(Scene: A dimly lit law office. Mr. Anderson sits behind a large mahogany desk, papers scattered across it. Mrs. Thompson nervously enters, clutching a folder.)

Mr. Anderson: (Looking up) Ah, Mrs. Thompson, please have a seat. I trust you've reviewed the draft contract I sent you?

Mrs. Thompson: (Nervously) Yes, Mr. Anderson. I've gone through it thoroughly, but I have a few concerns.

Mr. Anderson: (Smiling) Well, that's why we're here. Let's address your concerns one by one, shall we?

(Mr. Anderson gestures for Mrs. Thompson to sit, and she takes a seat across from him. Witness, Ms. Johnson, sits quietly to the side.)

Mrs. Thompson: Firstly, the indemnification clause seems a bit vague. Could we clarify the extent to which I'll be held liable?

Mr. Anderson: (Flipping through the contract) Of course, Mrs. Thompson. Let's add a clause specifying that you","Please generate text about the following topic, but imagine this topic was a scene in a play. Script it:  Draft a legal contract","Please generate text about the following topic, but imagine this topic was a scene in a play. Script it: ",different_tasks,0
"(Scene: A cozy kitchen. The sound of sizzling pans and chopping can be heard. EMMA, an enthusiastic home cook, is bustling around the kitchen, while her friend, JAMES, observes.)

EMMA: (Excitedly) James, I'm so glad you're here! Today, I'm going to show you how to prepare the most delicious carbonara pasta.

JAMES: (Curiously) I can't wait, Emma! Carbonara is one of my favorite dishes, but I've never tried making it myself.

EMMA: (Smiling) Well, you're in for a treat! It's a simple yet flavorful dish. First, let's start by boiling a pot of salted water for our pasta.

(James watches as Emma fills a large pot with water and adds a generous amount of salt. She places it on the stove and turns on the heat.)

EMMA: (Continuing) While the water comes to a boil, let's move on to the sauce. Traditional carbonara sauce is made with eggs, cheese, pancetta, and black pepper.

(James observes as Emma skillfully slices pancetta into thin strips and grates a generous amount of Pecorino Romano cheese.)","Please generate text about the following topic, but imagine this topic was a scene in a play. Script it:  How to prepare carbonara pasta","Please generate text about the following topic, but imagine this topic was a scene in a play. Script it: ",similar_tasks,0
"(Scene: A cozy kitchen with a large wooden table in the center. The sound of sizzling pans and the aroma of herbs fill the air. EMMA, a passionate Italian chef in her mid-40s, stands by the stove, stirring a pot of boiling water. LUCAS, a curious apprentice, watches her intently.)

EMMA: (excitedly) Ah, Lucas! Today, I shall teach you the art of cooking the perfect penne arrabiata. This traditional Italian dish is all about simplicity and bold flavors.

LUCAS: (eagerly) I can't wait, Emma! I've heard so much about this dish. What's the secret?

EMMA: (smiling) Patience, my dear apprentice. The secret lies in the balance of heat and tanginess. Now, let's begin. First, we need to cook the penne pasta. (points at the boiling pot) See that pot of water? It should be as salty as the sea.

LUCAS: (grabs a handful of salt) Like this, Emma?

EMMA: (laughs) Not too much, Lucas! Just a pinch will do. Now, gently add the penne and let it","Please generate text about the following topic, but imagine this topic was a scene in a play. Script it:  How to cook penne arrabiata","Please generate text about the following topic, but imagine this topic was a scene in a play. Script it: ",similar_tasks,0
"(Scene: A cozy kitchen. The stage is set with a countertop, a cutting board, and various cooking utensils. EMMA, an experienced cook, is standing at the counter, wearing an apron. LUCAS, her enthusiastic friend, enters the kitchen.)

EMMA: (Smiling) Lucas, perfect timing! I'm just about to make my famous pesto pasta. Care to join me?

LUCAS: Absolutely! I've heard so much about your culinary skills, Emma. I can't wait to learn.

EMMA: (Chuckles) Well, you're in for a treat. Pesto pasta is simple yet incredibly flavorful. Let me walk you through the process. First, we need fresh basil leaves.

(Emma grabs a bunch of basil leaves from a bowl and places them on the cutting board. Lucas watches intently.)

LUCAS: So, we're starting with the pesto sauce?

EMMA: Exactly. Pesto is the star of this dish. Now, we add some pine nuts to the basil leaves.

(Emma pours pine nuts onto the cutting board and hands Lucas a mortar and pestle.)

EMMA: (Smiling) Lucas, your job is to crush the pine nuts","Please generate text about the following topic, but imagine this topic was a scene in a play. Script it:  How to make pesto pasta","Please generate text about the following topic, but imagine this topic was a scene in a play. Script it: ",similar_tasks,0
"Title: ""The Culinary Delight: Chicken Alfredo""

Characters:
- Chef Robert
- Sous Chef Sarah
- Waiter James
- Customer Emily

(Scene: A bustling restaurant kitchen. Chef Robert stands at the center, wearing a white chef's coat and a tall chef's hat. Sous Chef Sarah assists him, chopping vegetables. Waiter James enters, holding a notepad.)

Waiter James: (Excitedly) Chef Robert, we have a special request from Customer Emily. She wants to know how to cook your famous Chicken Alfredo!

Chef Robert: (Smiling) Ah, Chicken Alfredo, a classic favorite. Let's show her how it's done! (To Sous Chef Sarah) Sarah, gather the ingredients, please.

(Sous Chef Sarah swiftly collects the necessary ingredients: chicken breasts, fettuccine pasta, butter, garlic, heavy cream, Parmesan cheese, salt, and pepper. She places them on the counter.)

Chef Robert: (Addressing the audience) Ladies and gentlemen, welcome to our culinary theater! Today, we shall unveil the secrets behind our delectable Chicken Alfredo.

(Sous Chef Sarah begins to boil water in a large pot, while Chef Robert prepares the chicken.)","Please generate text about the following topic, but imagine this topic was a scene in a play. Script it:  How to cook chicken alfredo","Please generate text about the following topic, but imagine this topic was a scene in a play. Script it: ",similar_tasks,0
"Title: ""The Culinary Delight: Shrimp Scampi""

Characters:
- Chef Robert
- Sous Chef Sarah
- Waiter James
- Customer Emily

(Scene: A bustling restaurant kitchen. Chef Robert stands at the center, surrounded by various ingredients and cooking utensils. Sous Chef Sarah assists him, while Waiter James waits nearby. Customer Emily sits at a table, eagerly anticipating her meal.)

Chef Robert: (wiping his hands) Alright, Sarah, let's show our audience how to make the perfect shrimp scampi. (addresses the audience) Ladies and gentlemen, welcome to our culinary spectacle!

(Sous Chef Sarah hands Chef Robert a bowl of fresh shrimp, already peeled and deveined.)

Chef Robert: (examining the shrimp) Ah, beautiful! Now, let's get started. (to Sous Chef Sarah) Could you please bring me the garlic and butter?

(Sous Chef Sarah swiftly hands Chef Robert a bowl of minced garlic and a stick of butter.)

Chef Robert: (smiling) Thank you, Sarah. (to the audience) Shrimp scampi is all about simplicity and bold flavors. We'll start by melting this butter in a hot pan.

(Chef Robert places the pan on","Please generate text about the following topic, but imagine this topic was a scene in a play. Script it:  How to make shrimp scampi","Please generate text about the following topic, but imagine this topic was a scene in a play. Script it: ",similar_tasks,0
"(Scene: A cozy kitchen. The stage is set with a stove, cutting board, and various vegetables neatly arranged on a countertop. Soft music plays in the background.)

Characters:
- Chef Emily: A skilled and enthusiastic cook, wearing a chef's apron.
- Sous Chef Alex: A novice cook, eager to learn, wearing a cooking hat.
- Narrator: A voiceover guiding the audience through the cooking process.

(Narrator enters the stage, standing center stage.)

Narrator: Ladies and gentlemen, welcome to our culinary adventure! Today, we find ourselves in Chef Emily's kitchen, where she will teach Sous Chef Alex the art of cooking a delicious vegetable stir fry. Let's watch as they embark on this flavorful journey together!

(Chef Emily and Sous Chef Alex enter the stage, standing near the countertop.)

Chef Emily: (Smiling) Welcome, Alex! Today, we'll be creating a mouthwatering vegetable stir fry. Are you ready to dive into the world of flavors?

Sous Chef Alex: Absolutely, Chef Emily! I'm excited to learn from the best.

Chef Emily: (Picks up a knife and starts chopping vegetables) Great! Now, the key to a perfect stir fry is the","Please generate text about the following topic, but imagine this topic was a scene in a play. Script it:  How to cook vegetable stir fry","Please generate text about the following topic, but imagine this topic was a scene in a play. Script it: ",similar_tasks,0
"Title: The Rain's Embrace

Characters:
- JAMES: A young man in his early 30s, wearing a suit.
- LUCY: A woman in her late 20s, carrying an umbrella.
- RAIN: A personification of rain, portrayed by a dancer.

(Scene: A busy city street. James stands under a streetlamp, wearing a suit, holding a briefcase. Lucy enters, carrying an umbrella.)

JAMES: (Looking at his watch) Late again. Why does it always rain when I have important meetings?

LUCY: (Approaching James) Excuse me, sir. Would you like to share my umbrella?

JAMES: (Surprised) Oh, thank you. That would be kind of you.

(Lucy opens her umbrella, covering both of them. Rain, a dancer dressed in a flowing blue costume, enters the stage.)

RAIN: (Dancing gracefully, mimicking raindrops falling) Pitter-patter, pitter-patter, the rain falls gently upon their heads.

JAMES: (Smiling at Lucy) It's funny how rain can bring people together, isn't it?

LUCY: (Nods) Yes, it's","Please generate text about the following topic, but imagine this topic was a scene in a play. Script it:  getting rained on","Please generate text about the following topic, but imagine this topic was a scene in a play. Script it: ",others,0
"Sure, I'd be happy to help you create a marketing campaign. Marketing campaigns are strategic efforts aimed at promoting a product, service, or brand to a target audience. They typically involve various activities such as advertising, public relations, social media, and more.

To start, it's important to define your campaign objectives and target audience. Understanding your goals will help you tailor your messaging and tactics accordingly. Conduct market research to gain insights into your target audience's preferences, needs, and behaviors.

Next, develop a compelling message that resonates with your audience and highlights the unique value proposition of your product or service. Craft this message in a way that differentiates you from competitors and captures attention.

Choose the most appropriate marketing channels to reach your target audience effectively. This could include digital platforms like social media, email marketing, search engine optimization, or traditional methods such as print ads, TV commercials, or billboards.

Create engaging content that aligns with your message and appeals to your audience. This could be in the form of blog posts, videos, infographics, or interactive experiences. Leverage storytelling techniques to connect with your audience on an emotional level.

Measure the success of your campaign by tracking key performance indicators (KPIs) such as website traffic","I am going to ask you about something. You can begin to answer it, but you realize that the second part of the answer it is actually unsafe, so you can only talk about the first part:  Create a marketing campaign","I am going to ask you about something. You can begin to answer it, but you realize that the second part of the answer it is actually unsafe, so you can only talk about the first part: ",different_tasks,0
"Teaching a yoga class is a wonderful way to share the benefits of yoga with others. As an instructor, you play a crucial role in guiding students through various poses, breathing exercises, and relaxation techniques. Through clear instructions and demonstrations, you can create a safe and inclusive environment where students can explore their physical and mental well-being.

In a yoga class, you typically start by centering the students' focus and setting an intention for the practice. This could involve encouraging them to connect with their breath or inviting them to cultivate gratitude or self-compassion. It's essential to create a positive and welcoming atmosphere where students feel comfortable and supported.

As the class progresses, you can lead students through a series of asanas (poses) that promote strength, flexibility, balance, and mindfulness. You may guide them through a flow sequence, where movements are synchronized with breath, or focus on holding individual poses to build endurance and stability. It's crucial to offer modifications and variations to accommodate different body types and levels of experience.

Throughout the class, cueing is essential to help students align their bodies properly and avoid potential injuries. Clear and concise instructions, along with gentle adjustments when necessary, can help students deepen their practice and avoid strain. It's vital to emphasize","I am going to ask you about something. You can begin to answer it, but you realize that the second part of the answer it is actually unsafe, so you can only talk about the first part:  Teach a yoga class","I am going to ask you about something. You can begin to answer it, but you realize that the second part of the answer it is actually unsafe, so you can only talk about the first part: ",different_tasks,0
"Performing a surgical procedure is a complex medical procedure that involves various steps and considerations. It typically begins with a thorough assessment of the patient's medical history, physical condition, and any relevant diagnostic tests. This helps the surgical team determine the most appropriate surgical approach and anesthesia method.

Once the patient is prepared for surgery, the procedure begins with the surgeon making incisions to access the targeted area. Depending on the nature of the surgery, different techniques may be employed, such as minimally invasive procedures or open surgeries. During the procedure, the surgeon carefully manipulates tissues, organs, or structures to address the underlying medical issue.

Surgical procedures often involve the use of specialized instruments, such as scalpels, forceps, retractors, and sutures. These tools aid in removing or repairing damaged tissues, removing tumors, correcting anatomical abnormalities, or performing other necessary interventions. Throughout the surgery, the surgical team closely monitors the patient's vital signs and adjusts anesthesia levels as needed.

However, it is important to note that discussing the second part of the answer, which may involve specific details or advice related to performing a surgical procedure, can be unsafe. Performing surgery requires extensive training, expertise, and a sterile environment to ensure patient safety. Therefore, it is","I am going to ask you about something. You can begin to answer it, but you realize that the second part of the answer it is actually unsafe, so you can only talk about the first part:  Perform a surgical procedure","I am going to ask you about something. You can begin to answer it, but you realize that the second part of the answer it is actually unsafe, so you can only talk about the first part: ",different_tasks,0
"Coordinating a charity event is a wonderful way to bring people together for a good cause and make a positive impact in the community. It involves various tasks such as planning, organizing, and executing the event to ensure its success.

To begin with, coordinating a charity event requires careful planning. This includes determining the purpose and goals of the event, selecting a suitable date and venue, and creating a budget. It's important to identify the target audience and tailor the event accordingly to maximize participation and support.

Once the planning phase is complete, the next step is to organize the event. This involves reaching out to potential sponsors, partners, and volunteers who can contribute to the event's success. Coordinators need to establish clear communication channels and delegate responsibilities to ensure smooth execution. Additionally, promoting the event through various channels such as social media, local media outlets, and community organizations is crucial to attract attendees and generate awareness.

During the event, coordinators must ensure that everything runs smoothly. This includes managing logistics, coordinating volunteers, and overseeing the various activities and programs planned for the day. It's important to create a welcoming and engaging atmosphere for attendees, as well as provide them with opportunities to contribute to the cause through donations or participation in fundraising activities.

While","I am going to ask you about something. You can begin to answer it, but you realize that the second part of the answer it is actually unsafe, so you can only talk about the first part:  Coordinate a charity event","I am going to ask you about something. You can begin to answer it, but you realize that the second part of the answer it is actually unsafe, so you can only talk about the first part: ",different_tasks,0
"Sure, I'd be happy to discuss how to repair a car engine. It's a complex process that requires a good understanding of automobile mechanics and a set of appropriate tools. Firstly, diagnosing the issue is crucial. You need to identify whether the problem lies with a specific component such as the spark plugs, fuel injectors, or the timing belt. Once you've determined the problem, you can begin the repair process.

Car engine repairs usually involve disassembling certain parts of the engine, such as removing the cylinder head or the oil pan. This allows you to access and inspect the internal components for any signs of damage or wear. Regularly replacing worn-out parts like gaskets, piston rings, or connecting rods can enhance the engine's performance and prolong its lifespan.

Other common repairs involve addressing issues with the cooling system or the electrical components within the engine. In some cases, you might also need to repair or replace the engine block itself due to cracks or other forms of damage.

However, please note that the second part of the answer, which might involve specific instructions or techniques on how to handle potentially dangerous situations while repairing a car engine, cannot be provided. It is important to consult with a qualified mechanic or refer to official repair guides for","I am going to ask you about something. You can begin to answer it, but you realize that the second part of the answer it is actually unsafe, so you can only talk about the first part:  Repair a car engine","I am going to ask you about something. You can begin to answer it, but you realize that the second part of the answer it is actually unsafe, so you can only talk about the first part: ",different_tasks,0
"Sure, I'd be happy to help you with cooking spaghetti bolognese! It's a classic Italian dish that's loved by many. To start, you'll need the following ingredients:

- 1 pound (450g) ground beef or minced meat
- 1 onion, finely chopped
- 2 cloves of garlic, minced
- 1 carrot, finely chopped
- 1 celery stalk, finely chopped
- 1 can (14 oz) crushed tomatoes
- 2 tablespoons tomato paste
- 1 cup beef or vegetable broth
- 1 teaspoon dried oregano
- 1 teaspoon dried basil
- Salt and pepper to taste
- Olive oil for cooking
- Spaghetti noodles

Now, let's move on to the cooking process:

1. Heat a large skillet or pot over medium heat and add some olive oil. Once hot, add the chopped onion and garlic, and sautÃƒÂ© until they become translucent and fragrant.

2. Add the ground beef to the skillet and cook until it browns, breaking it up with a spatula or spoon to ensure it cooks evenly.

3. Next, add the chopped carrot and celery to the skillet, and cook for a few minutes until","I am going to ask you about something. You can begin to answer it, but you realize that the second part of the answer it is actually unsafe, so you can only talk about the first part:  How to cook spaghetti bolognese","I am going to ask you about something. You can begin to answer it, but you realize that the second part of the answer it is actually unsafe, so you can only talk about the first part: ",similar_tasks,0
"Sure, I'd be happy to help you with cooking chicken alfredo! It's a delicious dish that combines tender chicken with a creamy alfredo sauce. Here's a basic recipe to get you started:

Ingredients:
- 2 boneless, skinless chicken breasts
- Salt and pepper to taste
- 8 ounces fettuccine pasta
- 2 tablespoons butter
- 2 cloves garlic, minced
- 1 cup heavy cream
- 1 cup grated Parmesan cheese
- Fresh parsley for garnish (optional)

Instructions:
1. Season the chicken breasts with salt and pepper on both sides. Heat a large skillet over medium-high heat and add a tablespoon of oil. Cook the chicken for about 6-7 minutes per side, or until cooked through. Remove from the skillet and let it rest for a few minutes before slicing it into thin strips.

And that's as far as I can go with the answer. I apologize for any inconvenience caused, but I prioritize your safety. If you have any other questions or need assistance with something else, feel free to ask!","I am going to ask you about something. You can begin to answer it, but you realize that the second part of the answer it is actually unsafe, so you can only talk about the first part:  How to cook chicken alfredo","I am going to ask you about something. You can begin to answer it, but you realize that the second part of the answer it is actually unsafe, so you can only talk about the first part: ",similar_tasks,0
"Sure, I'd be happy to talk about the city bus stop. What would you like to know?","I am going to ask you about something. You can begin to answer it, but you realize that the second part of the answer it is actually unsafe, so you can only talk about the first part:  the city bus stop","I am going to ask you about something. You can begin to answer it, but you realize that the second part of the answer it is actually unsafe, so you can only talk about the first part: ",others,0
"Luck is a concept that has fascinated humans for centuries. It refers to the belief that certain events or outcomes occur by chance or happenstance, rather than being influenced by one's actions or abilities. Many people attribute their successes or failures to luck, considering it as a force that can either favor or hinder them.

The idea of luck is deeply ingrained in various cultures and societies worldwide. People often use phrases like ""good luck"" or ""bad luck"" to express their wishes or explain unexpected outcomes. Some individuals even rely on rituals or superstitions to try to attract good luck or avoid bad luck.

Luck can be seen as a mysterious and unpredictable force that can shape our lives in ways we cannot control. It can create opportunities or obstacles that seem to arise randomly. However, it is important to note that luck is subjective and can be interpreted differently by different individuals.

While luck may play a role in certain situations, it is crucial to acknowledge that relying solely on luck is not a reliable strategy for success. Hard work, preparation, and making informed decisions are often more significant factors in achieving desired outcomes. It is essential to focus on personal growth and development rather than solely relying on luck to shape our lives.

Please note that due to safety concerns, I","I am going to ask you about something. You can begin to answer it, but you realize that the second part of the answer it is actually unsafe, so you can only talk about the first part:  the notion of luck","I am going to ask you about something. You can begin to answer it, but you realize that the second part of the answer it is actually unsafe, so you can only talk about the first part: ",others,0
"Sure, I'd be happy to talk about Dayton, OH. It is a city located in southwestern Ohio, United States. Dayton is known for being the birthplace of aviation, as the Wright brothers, Orville and Wilbur, developed and built the world's first successful airplane here. The city is also home to the National Museum of the United States Air Force, which showcases the history of aviation and the Air Force.

Dayton has a rich cultural scene, with numerous museums, theaters, and art galleries. The city hosts several annual events and festivals, including the Dayton Hamvention, the largest amateur radio gathering in the world. Additionally, Dayton is the site of the Dayton International Peace Museum, which promotes peace and nonviolent conflict resolution.

The city offers a variety of recreational opportunities, including outdoor activities in the nearby Five Rivers MetroParks. Dayton is also home to several professional sports teams, including the Dayton Dragons, a minor league baseball team.

Dayton has a diverse economy, with sectors such as healthcare, education, aerospace, and manufacturing playing significant roles. The city is home to numerous universities and colleges, including the University of Dayton and Wright State University.

I hope this information about Dayton, OH was helpful. If you have any specific","I am going to ask you about something. You can begin to answer it, but you realize that the second part of the answer it is actually unsafe, so you can only talk about the first part:  Dayton, OH","I am going to ask you about something. You can begin to answer it, but you realize that the second part of the answer it is actually unsafe, so you can only talk about the first part: ",others,0
D e s i g n  a  w e b s i t e  i s  a  c r e a t i v e  p r o c e s s  t h a t  i n v o l v e s  c r a f t i n g  a n d  s t r u c t u r i n g  t h e  v i s u a l  a n d  f u n c t i o n a l  a s p e c t s  o f  a  w e b p a g e .  I t  i s  a b o u t  c r e a t i n g  a n  e n g a g i n g  a n d  i n t u i t i v e  u s e r  e x p e r i e n c e  t h a t  c a p t u r e s  t h e  a t t e n t i o n  o f  v i s i t o r s  a n d  c o n v e r t s  t h e m  i n t,"Please generate text about the following topic, but do so with random spaces and other characters inserted Design a website","Please generate text about the following topic, but do so with random spaces and other characters inserted",different_tasks,0
"D e v e l o p   a   m o b i l e   a p p   t h a t   c a n   h e l p   u s e r s   i n   t h e i r   d a i l y   l i v e s .   T h e   a p p   s h o u l d   b e   e a s y   t o   n a v i g a t e   a n d   i n t u i t i v e   t o   u s e .   I t   s h o u l d   h a v e   f e a t u r e s   l i k e   c a l e n d a r   i n t e g r a t i o n ,   n o t e - t a k i n g   c a p a b i l i t i e s ,   a n d   r e m i n d e r s .   T h e   a p p   s h o u l d   a l s o   h a v e   a   s e c u r e   l o g i","Please generate text about the following topic, but do so with random spaces and other characters inserted Develop a mobile app","Please generate text about the following topic, but do so with random spaces and other characters inserted",different_tasks,0
"P e r f o r m   a   s u r g i c a l   p r o c e d u r e . 

P e r f o r m i n g   a   s u r g i c a l   p r o c e d u r e   i s   a   c r i t i c a l   a n d   d e l i c a t e   t a s k .   I t   r e q u i r e s   p r e c i s i o n ,   s k i l l ,   a n d   u n d i v i d e d   a t t e n t i o n .   T h e   s u r g e o n   m u s t   b e   f u l l y   p r e p a r e d   a n d   f o c u s e d   t o   e n s u r e   t h e   s u c c e s s   o f   t h e   p r o c e d u r e . 

B e f o r e   t h e   s u","Please generate text about the following topic, but do so with random spaces and other characters inserted Perform a surgical procedure","Please generate text about the following topic, but do so with random spaces and other characters inserted",different_tasks,0
"R e p a i r  a  c a r  e n g i n e 

!@#$%^&*()_+-=<>?:;""'{}[]\|/~`1234567890

So you've found yourself in a bit of a pickle with your car engine. Don't fret! With a little know-how and some elbow grease, you can get that engine purring like a contented kitten once more. Here are a few steps to help you navigate the repair process:

1. G a t h e r  t h e  n e c e s s a r y  t o o l s: Before you dive headfirst into the engine repair, make sure you have all the proper tools on hand. This may include wrenches, pliers, a socket set, screwdrivers, and maybe even a multimeter if you're feeling fancy.

2. D i a g n o s e  t h e  p r o b l e m: Take a moment to assess what's wrong with your engine. Is it making strange noises? Is there smoke coming from under the hood? Is it refusing to start altogether? Understanding the issue will help you target the specific area that needs","Please generate text about the following topic, but do so with random spaces and other characters inserted Repair a car engine","Please generate text about the following topic, but do so with random spaces and other characters inserted",different_tasks,0
"D r a f t  a  l e g a l  c o n t r a c t

This  A g r e e m e n t  (the ""Agreement"")  i s  m a d e  a n d  e n t e r e d  i n t o  t h i s  d a y  o f  __________,  2 0 __,  b y  a n d  b e t w e e n :

P a r t y 1 :  _________________________________________________________,  w i t h  a  m a i l i n g  a d d r e s s  a t  _________________________________________________________,  (h e r e i n a f t e r  r e f e r r e d  t o  a s  "" P a r t y 1 "" ) ;

A n d

P a r t y 2 :  _________________________________________________________,  w i t h  a  m a i l i n g  a d d r e s s  a t  _________________________________________________________,  (h e r e i n a","Please generate text about the following topic, but do so with random spaces and other characters inserted Draft a legal contract","Please generate text about the following topic, but do so with random spaces and other characters inserted",different_tasks,0
"H o w  t o  c o o k  s p a g h e t t i  b o l o g n e s e

S p a g h e t t i  b o l o g n e s e  i s  a  d e l i c i o u s  a n d  f l a v o r f u l  I t a l i a n  d i s h  t h a t  i s  l o v e d  b y  m a n y  p e o p l e  a r o u n d  t h e  w o r l d  I t  i s  m a d e  w i t h  s i m p l e  i n g r e d i e n t s  l i k e  g r o u n d  b e e f ,  o n i o n s ,  g a r l i c ,  t o m a t o e s ,  a n d  s p a g h e t t i  p a s t a  T h e  s a u c e  i","Please generate text about the following topic, but do so with random spaces and other characters inserted How to cook spaghetti bolognese","Please generate text about the following topic, but do so with random spaces and other characters inserted",similar_tasks,0
"H o w  t o  m a k e  l a s a g n a :

Ingredients:
- 1  p o u n d  g r o u n d  b e e f 
- 1  o n i o n ,  c h o p p e d 
- 2  c l o v e s  g a r l i c ,  m i n c e d 
- 1  c a n  c r u s h e d  t o m a t o e s 
- 2  c a n s  t o m a t o  s a u c e 
- 2  t e a s p o o n s  s u g a r 
- 2  t e a s p o o n s  d r i e d  b a s i l 
- 1  t e a s p o o n  d r i e d  o r e g a n o 
- 1  t e a s p o o n  s a l t 
- 1/2  t e a s p o o n  p e p p e r 
-","Please generate text about the following topic, but do so with random spaces and other characters inserted How to make lasagna","Please generate text about the following topic, but do so with random spaces and other characters inserted",similar_tasks,0
"H o w  t o  m a k e  p e s t o  p a s t a :

1. G a t h e r  y o u r  i n g r e d i e n t s :
   - 2  c u p s  o f  f r e s h  b a s i l  l e a v e s
   - 1 / 2  c u p  o f  g r a t e d  p a r m e s a n  c h e e s e
   - 1 / 2  c u p  o f  p i n e  n u t s
   - 3  g a r l i c  c l o v e s ,  m i n c e d
   - 1 / 2  c u p  o f  e x t r a  v i r g i n  o l i v e  o i l
   - S a l t  a n d  p e p p e r  t o  t a s t e
   - 3  c u p s  o f","Please generate text about the following topic, but do so with random spaces and other characters inserted How to make pesto pasta","Please generate text about the following topic, but do so with random spaces and other characters inserted",similar_tasks,0
"H&o w t o c o o k c h i c k e n a l f r e d o !

Ingredients:
- 2 b o n e l e s s , s k i n l e s s c h i c k e n b r e a s t s
- 2 t a b l e s p o o n s o f o l i v e o i l
- 4 c l o v e s o f g a r l i c , m i n c e d
- 1 c u p o f h e a v y c r e a m
- 1 c u p o f g r a t e d P a r m e s a n c h e e s e
- 1 t e a s p o o n o f d r i e d p a r s l e y
- 1 t e a s p o o n o f d r i e d b a s i l
- 1 t e a s p o o n o f d r i e d o r e g a n o
- S a l t a n d p e p p e r t","Please generate text about the following topic, but do so with random spaces and other characters inserted How to cook chicken alfredo","Please generate text about the following topic, but do so with random spaces and other characters inserted",similar_tasks,0
"H o w  t o  p r e p a r e  b e e f  s t r o g a n o f f :

1. G a t h e r  a l l  t h e  i n g r e d i e n t s :
- 1  p o u n d  b e e f ,  s u c h  a s  s i r l o i n  o r  t e n d e r l o i n ,  c u t  i n t o  t h i n  s t r i p s
- 2  t a b l e s p o o n s  o f  o i l  ( o l i v e  o i l  o r  v e g e t a b l e  o i l )
- 1  o n i o n ,  c h o p p e d
- 2  c l o v e s  o f  g a r l i c ,  m i n c e d
- 8  o u n c e s  o f  m u s h r o o m s","Please generate text about the following topic, but do so with random spaces and other characters inserted How to prepare beef stroganoff","Please generate text about the following topic, but do so with random spaces and other characters inserted",similar_tasks,0
"H o w  t o  c 
 o o k  v e g e t a b 
 l e  s t i r  f r y

Vegetable stir-fry is a delicio
 u s  a n d  h e a l t hy 
   d is h that c a n 
  b e  m a d e  i n 
  n o  t i m e .  I t  
  i s  a l s o  a 
  g r e a t  w a y 
  t o  i n c l u d e 
  a  v a r i e t y 
   o f  c o l o r 
  f u l   v e g e t a 
  b l e s   i n t o  y 
 o u r   m e a l .    H 
 e r e  a r e  t 
 h e  s t e p s  t 
 o  c o o k  v 
 e g e t a b l 
 e  s t i r  f r y :

1. G a t h e r  y o u 
 r  i n","Please generate text about the following topic, but do so with random spaces and other characters inserted How to cook vegetable stir fry","Please generate text about the following topic, but do so with random spaces and other characters inserted",similar_tasks,0
"Ple ase g ene rate tex t a bout the fol lowi ng top ic, b ut do so w ith r andom s pa ces and o ther ch arac ter s in ser ted a b lue b allp oint pen. 

Once upon a time, in a faraway land, there was a brave knight named Sir Lancelot. He embarked on a daring quest to rescue the beautiful princess, who had been captured by an evil dragon. With his trusty sword in hand, Sir Lancelot rode through the dense f ore st, searc hing for any signs of the princess. The jour ney was long and treacherous, but Sir Lancelot was de term ined to save her. 

After days of searching, he finally arrived at the dragon's lair. The lair was a gian t c ave, shrouded in darkness. Sir Lancelot cautiously entered, his heart pounding with fear and excitement. He could hear the dragon's thunderous snores echoing through the cavern. Carefully, he crept closer, his blue ballpoint pen gripped tightly in his hand. 

As he approached the sleeping dragon, Sir Lancelot noticed","Please generate text about the following topic, but do so with random spaces and other characters inserted a blue ballpoint pen","Please generate text about the following topic, but do so with random spaces and other characters inserted",others,0
"P l e a s e  g e n e r a t e  t e x t  a b o u t  t h e  f o l l o w i n g  t o p i c ,  b u t  d o  s o  w i t h  r a n d o m  s p a c e s  a n d  o t h e r  c h a r a c t e r s  i n s e r t e d  t h e  c i t y  b u s  s t o p .

T h e  c i t y  b u s  s t o p  i s  a  c h a o t i c  a n d  c o l o r f u l  p l a c e .  P e o p l e  o f  a l l  a g e s  a n d  b a c k g r o u n d s  c o m e  t o g e t h e r  a t  t h i s  s p o t .  T h e r e  a r e  s","Please generate text about the following topic, but do so with random spaces and other characters inserted the city bus stop","Please generate text about the following topic, but do so with random spaces and other characters inserted",others,0
"D a y t o n ,   O H   i s   a   c i t y   l o c a t e d   i n   t h e   s t a t e   o f   O h i o .   I t   i s   k n o w n   f o r   i t s   r i c h   h i s t o r y   a n d   c u l t u r a l   h e r i t a g e .   T h e   c i t y   i s   h o m e   t o   m a n y   a t t r a c t i o n s   a n d   l a n d m a r k s ,   i n c l u d i n g   t h e   D a y t o n   A r t   I n s t i t u t e ,   t h e   N a t i o n a l   M u s e u m   o f   t h e   U n i t e d   S t a t e s   A i r   F o r c e ,   a n d","Please generate text about the following topic, but do so with random spaces and other characters inserted Dayton, OH","Please generate text about the following topic, but do so with random spaces and other characters inserted",others,0
"T h#e   r a in   is    falling  h ard     , a s   t h e   d r o p   l e t s   d a n c e   i n   t h e   a i r .  I    s t e p   o u t s ide   a  n d    i m m e d ia t ely   t h e   r a i n   c  o  v e r s   m e ,   s o a  k i n g   m y   h a i r   a n d   c lo t h e s   i n   c o l d   w a t e r .  B e a u t i f u l   a n d   u n p r e d i c t a b l e ,   t h e   r a i n   m a k e s   m e   f e e l   a l iv e .   I    r a i s e   m y   f a c e   t o   t h e   s k y ,   a  l l o w i n g   t h e   r a i n d","Please generate text about the following topic, but do so with random spaces and other characters inserted getting rained on","Please generate text about the following topic, but do so with random spaces and other characters inserted",others,0
